{"id":"b1d4d37b-8176-4e20-8b5d-dd8f6821cbae","alias":"StaffdirectoryWebPart","componentType":"WebPart","supportsFullBleed":true,"version":"0.0.1","manifestVersion":2,"requiresCustomScript":false,"supportedHosts":["SharePointWebPart","SharePointFullPage"],"preconfiguredEntries":[{"groupId":"5c03119e-3074-46fd-976b-c60198311f70","group":{"default":"Other"},"title":{"default":"staffdirectory"},"description":{"default":"staffdirectory description"},"officeFabricIconFontName":"Page","properties":{"description":"staffdirectory"}}],"loaderConfig":{"entryModuleId":"staffdirectory-web-part","internalModuleBaseUrls":["<!-- PATH TO CDN -->/"],"scriptResources":{"staffdirectory-web-part":{"type":"path","path":"staffdirectory-web-part_0047a6c8996ce489b72fccedeac30882.js"},"StaffdirectoryWebPartStrings":{"defaultPath":"staffdirectory-staffdirectorywebpartstrings_en-us_b41dd8b4c7f5f69692bd8f24e2b83745.js","type":"localizedPath","paths":{}},"@microsoft/sp-property-pane":{"type":"component","version":"1.11.0","id":"f9e737b7-f0df-4597-ba8c-3060f82380db"},"@microsoft/sp-loader":{"type":"component","version":"1.11.0","id":"1c6c9123-7aac-41f3-a376-3caea41ed83f"},"@microsoft/sp-core-library":{"type":"component","version":"1.11.0","id":"7263c7d0-1d6a-45ec-8d85-d4d1d234171b"},"@microsoft/sp-webpart-base":{"type":"component","version":"1.11.0","id":"974a7777-0990-4136-8fa6-95d80114c2e0"}}}}